<?xml version="1.0" encoding="utf-8"?><feed xmlns="http://www.w3.org/2005/Atom" ><generator uri="https://jekyllrb.com/" version="3.9.0">Jekyll</generator><link href="http://localhost:4000/feed.xml" rel="self" type="application/atom+xml" /><link href="http://localhost:4000/" rel="alternate" type="text/html" /><updated>2021-04-21T06:32:43+03:00</updated><id>http://localhost:4000/feed.xml</id><title type="html">Bullwinkle and friends</title><subtitle>Bullwinkle-org`s public space for blog, portfolio, static content and experiments.</subtitle><entry><title type="html">test</title><link href="http://localhost:4000/blog/uncategorized/2021/04/21/test/" rel="alternate" type="text/html" title="test" /><published>2021-04-21T00:06:43+03:00</published><updated>2021-04-21T00:06:43+03:00</updated><id>http://localhost:4000/blog/uncategorized/2021/04/21/test</id><content type="html" xml:base="http://localhost:4000/blog/uncategorized/2021/04/21/test/">&lt;p&gt;hi&lt;/p&gt;</content><author><name>bullwinkle</name></author><category term="uncategorized" /><summary type="html">hi</summary></entry><entry><title type="html">New one</title><link href="http://localhost:4000/blog/2021/04/20/your-filename/" rel="alternate" type="text/html" title="New one" /><published>2021-04-20T23:46:30+03:00</published><updated>2021-04-20T23:46:30+03:00</updated><id>http://localhost:4000/blog/2021/04/20/your-filename</id><content type="html" xml:base="http://localhost:4000/blog/2021/04/20/your-filename/">&lt;h2 id=&quot;a-new-post&quot;&gt;A New Post&lt;/h2&gt;

&lt;p&gt;Enter text in &lt;a href=&quot;http://daringfireball.net/projects/markdown/&quot;&gt;Markdown&lt;/a&gt;. Use the toolbar above, or click the &lt;strong&gt;?&lt;/strong&gt; button for formatting help.&lt;/p&gt;</content><author><name>jilljbjhb</name></author><summary type="html">A New Post</summary></entry><entry><title type="html">Test one</title><link href="http://localhost:4000/blog/uncategorized/2021/04/20/test-one/" rel="alternate" type="text/html" title="Test one" /><published>2021-04-20T23:45:15+03:00</published><updated>2021-04-20T23:45:15+03:00</updated><id>http://localhost:4000/blog/uncategorized/2021/04/20/test-one</id><content type="html" xml:base="http://localhost:4000/blog/uncategorized/2021/04/20/test-one/">&lt;p&gt;new test post&lt;/p&gt;</content><author><name>bullwinkle</name></author><category term="uncategorized" /><summary type="html">new test post</summary></entry><entry><title type="html">title</title><link href="http://localhost:4000/blog/uncategorized/2021/03/05/title-1/" rel="alternate" type="text/html" title="title" /><published>2021-03-05T14:19:11+03:00</published><updated>2021-03-05T14:19:11+03:00</updated><id>http://localhost:4000/blog/uncategorized/2021/03/05/title-1</id><content type="html" xml:base="http://localhost:4000/blog/uncategorized/2021/03/05/title-1/">&lt;p&gt;body&lt;/p&gt;</content><author><name>jilljbjhb</name></author><category term="uncategorized" /><category term="tag1" /><summary type="html">body</summary></entry><entry><title type="html">Title</title><link href="http://localhost:4000/blog/uncategorized/2021/03/05/title/" rel="alternate" type="text/html" title="Title" /><published>2021-03-05T13:55:23+03:00</published><updated>2021-03-05T13:55:23+03:00</updated><id>http://localhost:4000/blog/uncategorized/2021/03/05/title</id><content type="html" xml:base="http://localhost:4000/blog/uncategorized/2021/03/05/title/">&lt;p&gt;body&lt;/p&gt;</content><author><name>vasja</name></author><category term="uncategorized" /><category term="tag1" /><summary type="html">body</summary></entry><entry><title type="html">New two</title><link href="http://localhost:4000/blog/uncategorized/2021/03/05/new-two/" rel="alternate" type="text/html" title="New two" /><published>2021-03-05T13:31:36+03:00</published><updated>2021-03-05T13:31:36+03:00</updated><id>http://localhost:4000/blog/uncategorized/2021/03/05/new-two</id><content type="html" xml:base="http://localhost:4000/blog/uncategorized/2021/03/05/new-two/">&lt;p&gt;content&lt;/p&gt;</content><author><name>vasja</name></author><category term="uncategorized" /><category term="yellow" /><summary type="html">content</summary></entry><entry><title type="html">new one</title><link href="http://localhost:4000/blog/uncategorized/2021/03/05/new-one/" rel="alternate" type="text/html" title="new one" /><published>2021-03-05T12:29:40+03:00</published><updated>2021-03-05T12:29:40+03:00</updated><id>http://localhost:4000/blog/uncategorized/2021/03/05/new-one</id><content type="html" xml:base="http://localhost:4000/blog/uncategorized/2021/03/05/new-one/">&lt;p&gt;this is &lt;strong&gt;bullwinkle-bot&lt;/strong&gt;:&lt;/p&gt;

&lt;p&gt;&lt;img src=&quot;/assets/uploads/bwk_bot.png&quot; alt=&quot;bullwinkle bot image&quot; title=&quot;bullwinkle bot&quot; /&gt;&lt;/p&gt;</content><author><name>boris</name></author><category term="uncategorized" /><category term="bullwinkle" /><category term="elk" /><category term="bot" /><summary type="html">this is bullwinkle-bot:</summary></entry><entry><title type="html">Kiwifruit</title><link href="http://localhost:4000/blog/fruits/2021/03/05/kiwifruit/" rel="alternate" type="text/html" title="Kiwifruit" /><published>2021-03-05T12:04:04+03:00</published><updated>2021-03-05T12:04:04+03:00</updated><id>http://localhost:4000/blog/fruits/2021/03/05/kiwifruit</id><content type="html" xml:base="http://localhost:4000/blog/fruits/2021/03/05/kiwifruit/">&lt;p&gt;ttttt&lt;/p&gt;

&lt;p&gt;Kiwifruit (often abbreviated as kiwi), or Chinese gooseberry is the edible
berry of several species of woody vines in the genus Actinidia.&lt;/p&gt;

&lt;p&gt;The most common cultivar group of kiwifruit is oval, about the size of a large
hen’s egg (5–8 cm (2.0–3.1 in) in length and 4.5–5.5 cm (1.8–2.2 in) in
diameter). It has a fibrous, dull greenish-brown skin and bright green or
golden flesh with rows of tiny, black, edible seeds. The fruit has a soft
texture, with a sweet and unique flavor.&lt;/p&gt;</content><author><name>ted</name></author><category term="fruits" /><category term="green" /><summary type="html">ttttt</summary></entry><entry><title type="html">A banana</title><link href="http://localhost:4000/blog/fruits/2021/03/05/bananas/" rel="alternate" type="text/html" title="A banana" /><published>2021-03-05T12:03:10+03:00</published><updated>2021-03-05T12:03:10+03:00</updated><id>http://localhost:4000/blog/fruits/2021/03/05/bananas</id><content type="html" xml:base="http://localhost:4000/blog/fruits/2021/03/05/bananas/">&lt;p&gt;A banana is an edible fruit – botanically a berry – produced by several kinds
of large herbaceous flowering plants in the genus Musa.&lt;/p&gt;

&lt;p&gt;In some countries, bananas used for cooking may be called “plantains”,
distinguishing them from dessert bananas. The fruit is variable in size, color,
and firmness, but is usually elongated and curved, with soft flesh rich in
starch covered with a rind, which may be green, yellow, red, purple, or brown
when ripe.
edited&lt;/p&gt;</content><author><name>jill</name></author><category term="fruits" /><category term="yellow" /><category term="green" /><summary type="html">A banana is an edible fruit – botanically a berry – produced by several kinds of large herbaceous flowering plants in the genus Musa.</summary></entry><entry><title type="html">Apples</title><link href="http://localhost:4000/blog/fruits/2021/03/05/apples/" rel="alternate" type="text/html" title="Apples" /><published>2021-03-05T12:02:43+03:00</published><updated>2021-03-05T12:02:43+03:00</updated><id>http://localhost:4000/blog/fruits/2021/03/05/apples</id><content type="html" xml:base="http://localhost:4000/blog/fruits/2021/03/05/apples/">&lt;p&gt;An apple is a sweet, edible fruit produced by an apple tree.&lt;/p&gt;

&lt;p&gt;Apple trees are cultivated worldwide, and are the most widely grown species in
the genus Malus. The tree originated in Central Asia, where its wild ancestor,
Malus sieversii, is still found today. Apples have been grown for thousands of
years in Asia and Europe, and were brought to North America by European
colonists.&lt;/p&gt;</content><author><name>jill</name></author><category term="fruits" /><category term="green" /><category term="red" /><summary type="html">An apple is a sweet, edible fruit produced by an apple tree.</summary></entry></feed>